from,to
Engineering Economics,Machinery Industry Press
Economics of Hydraulic Engineering (2nd Edition),China Water Conservancy and Hydropower Publishing House
Methods and Parameters for Economic Evaluation of Construction Projects (Third Edition),China Plan Press
Estimated Budget for Water and Power Projects,Yellow River Water Conservancy Publishing House
Costing and Control of Water Engineering,China Water Conservancy and Hydropower Publishing House
Civil Engineering Drafting,Science Press
Civil Engineering Drafting,Higher Education Press
Pictorial Geometry and Hydraulic Engineering Drafting (6th edition),Higher Education Press
Architectural Drafting,Science Press
