from,to
General Engineering Economics,To enable students to systematically master the basic theoretical knowledge of engineering economics to be able to consider economic factors in the innovative activities of water conservancy and hydropower engineering planning and hydraulic design to correctly use the basic formula for calculating the time value of money to analyze and justify the rationality of the scheme and to make scheme decisions
Costs and benefits of water construction projects,To enable students to systematically master the basic theoretical knowledge of engineering economics to be able to consider economic factors in the innovative activities of water conservancy and hydropower engineering planning and hydraulic design to correctly use the basic formula for calculating the time value of money to analyze and justify the rationality of the scheme and to make scheme decisions
Basic knowledge and basic skills of cartography,1.Master the basic performance of commonly used construction materials and be able to choose correctly; master the basic knowledge and basic skills of engineering drawing. Master the basic principles principles methods and skills of engineering surveying; master the basic knowledge of water conservancy engineering technology;
Projection of the point,1.Master the basic performance of commonly used construction materials and be able to choose correctly; master the basic knowledge and basic skills of engineering drawing. Master the basic principles principles methods and skills of engineering surveying; master the basic knowledge of water conservancy engineering technology;
Projection of the plane,1.Master the basic performance of commonly used construction materials and be able to choose correctly; master the basic knowledge and basic skills of engineering drawing. Master the basic principles principles methods and skills of engineering surveying; master the basic knowledge of water conservancy engineering technology;
Stereo,1.Master the basic performance of commonly used construction materials and be able to choose correctly; master the basic knowledge and basic skills of engineering drawing. Master the basic principles principles methods and skills of engineering surveying; master the basic knowledge of water conservancy engineering technology;


